Total Revenue,Total Orders,Unique Customers,AOV,Repurchase Rate,Conversion Rate,Return Rate,Avg CLV
2183951.31,11575,2719,188.6782989200864,0.7657226921662376,0.029632,0.074,803.218576682604
